Location,lat,lon,Price,Available
Connaught Place,28.6315,77.2167,20,5
NDMC Parking CP,28.6325,77.2175,20,6
Palika Parking CP,28.6300,77.2150,20,4

Karol Bagh,28.6519,77.1909,20,10
Karol Bagh Metro Parking,28.6525,77.1915,20,7
Ajmal Khan Road Parking,28.6505,77.1895,20,5

Rajouri Garden,28.6505,77.1200,20,8
Rajouri Mall Parking,28.6510,77.1210,20,6

Lajpat Nagar,28.5677,77.2436,20,6
Lajpat Central Market Parking,28.5685,77.2445,20,5

Saket,28.5245,77.2066,20,3
Select Citywalk Parking,28.5255,77.2075,20,8
DLF Avenue Parking,28.5235,77.2055,20,6

Kashmere Gate Metro Station,28.6675,77.2280,20,7
ISBT Parking Kashmere Gate,28.6685,77.2290,20,9

Dwarka,28.5921,77.0460,20,6
Dwarka Sector 21 Parking,28.5930,77.0470,20,7

Rohini,28.7041,77.1025,20,7
Rohini Sector 18 Parking,28.7050,77.1035,20,6

Janakpuri,28.6219,77.0878,20,5
Janakpuri West Metro Parking,28.6228,77.0885,20,6

Pitampura,28.6967,77.1322,20,8
Pitampura Metro Parking,28.6975,77.1330,20,7

Vasant Kunj,28.5244,77.1588,20,4
Vasant Square Mall Parking,28.5252,77.1595,20,6

Nehru Place,28.5494,77.2513,20,6
Nehru Place Parking Complex,28.5502,77.2520,20,7
